{ "height":13,
 "layers":[
        {
         "data":[10, 10, 2, 2, 2, 2, 2, 2, 2, 8, 2, 2, 2, 2, 2, 2, 2, 2, 10, 10, 2, 2, 2, 2, 1, 1, 1, 1, 1, 1, 1, 1, 1, 1, 1, 2, 10, 10, 2, 2, 2, 1, 1, 1, 1, 1, 1, 1, 1, 1, 1, 1, 1, 2, 10, 10, 2, 2, 1, 1, 1, 1, 1, 7, 7, 1, 1, 1, 1, 1, 1, 2, 10, 10, 2, 2, 1, 1, 1, 1, 1, 9, 5, 1, 1, 1, 1, 1, 1, 2, 10, 10, 2, 1, 1, 1, 1, 1, 7, 5, 5, 1, 9, 1, 1, 1, 1, 2, 10, 10, 8, 1, 1, 1, 1, 1, 5, 5, 5, 5, 7, 1, 1, 1, 1, 8, 10, 10, 2, 1, 1, 1, 1, 1, 5, 5, 9, 7, 1, 1, 1, 1, 1, 2, 10, 10, 2, 1, 1, 1, 1, 1, 1, 1, 1, 1, 1, 1, 1, 1, 1, 2, 10, 10, 2, 2, 2, 1, 1, 1, 1, 1, 1, 1, 1, 1, 1, 9, 2, 2, 10, 10, 2, 2, 2, 2, 1, 1, 1, 1, 1, 1, 1, 1, 7, 1, 2, 2, 10, 10, 2, 2, 2, 2, 2, 1, 1, 1, 1, 1, 1, 7, 9, 2, 2, 2, 10, 10, 2, 2, 2, 2, 2, 2, 2, 8, 2, 2, 2, 2, 2, 2, 2, 2],
         "height":13,
         "name":"Tile Layer 1",
         "opacity":1,
         "type":"tilelayer",
         "visible":true,
         "width":18,
         "x":0,
         "y":0
        }],
 "nextobjectid":13,
 "orientation":"orthogonal",
 "properties":
    {

    },
 "renderorder":"right-down",
 "tileheight":40,
 "tilesets":[
        {
         "firstgid":1,
         "image":"Tiles.png",
         "imageheight":82,
         "imagewidth":241,
         "margin":1,
         "name":"Tiles",
         "properties":
            {

            },
         "spacing":0,
         "tileheight":40,
         "tilewidth":40,
         "transparentcolor":"#ff00ff"
        }],
 "tilewidth":40,
 "version":1,
 "width":18
}